{"cameraMode":{"drawMode":0,"name":"Shaded","section":"Shading Mode"},"sceneLighting":false,"audioPlay":false,"sceneViewState":{"showFog":false,"showMaterialUpdate":false,"showSkybox":false,"showFlares":false,"showImageEffects":false,"showParticleSystems":true},"in2DMode":false,"pivot":{"x":12.988591194152832,"y":5.041830539703369,"z":-4.316485404968262},"rotation":{"x":0.12082945555448532,"y":0.8367905616760254,"z":-0.20505210757255555,"w":0.4930878281593323},"size":3.159066915512085,"orthographic":false}