{"cameraMode":{"drawMode":0,"name":"Shaded","section":"Shading Mode"},"sceneLighting":false,"audioPlay":false,"sceneViewState":{"showFog":false,"showMaterialUpdate":false,"showSkybox":false,"showFlares":false,"showImageEffects":false,"showParticleSystems":true},"in2DMode":false,"pivot":{"x":-0.43741774559020998,"y":0.542069137096405,"z":0.3656308054924011},"rotation":{"x":0.03532479703426361,"y":0.8046417832374573,"z":-0.04811681807041168,"w":0.5907526016235352},"size":2.685011625289917,"orthographic":false}