{"cameraMode":{"drawMode":0,"name":"Shaded","section":"Shading Mode"},"sceneLighting":true,"audioPlay":false,"sceneViewState":{"showFog":false,"showMaterialUpdate":false,"showSkybox":false,"showFlares":false,"showImageEffects":false,"showParticleSystems":true},"in2DMode":false,"pivot":{"x":-1.7659869194030762,"y":4.315977096557617,"z":-5.59991455078125},"rotation":{"x":-0.034839410334825519,"y":0.7250359654426575,"z":0.03677678108215332,"w":0.6868454217910767},"size":6.073793411254883,"orthographic":false}