{"cameraMode":{"drawMode":0,"name":"Shaded","section":"Shading Mode"},"sceneLighting":false,"audioPlay":false,"sceneViewState":{"showFog":false,"showMaterialUpdate":false,"showSkybox":false,"showFlares":false,"showImageEffects":false,"showParticleSystems":true},"in2DMode":false,"pivot":{"x":-0.6156408190727234,"y":-1.289131999015808,"z":1.3061268329620362},"rotation":{"x":0.15067631006240846,"y":-0.05631711706519127,"z":0.008597884327173233,"w":0.986940324306488},"size":4.041658401489258,"orthographic":false}